{
 "allow_comments": 0,
 "allow_delete": 0,
 "allow_edit": 0,
 "allow_incomplete": 0,
 "allow_multiple": 0,
 "allow_print": 0,
 "anonymous": 0,
 "apply_document_permissions": 0,
 "button_label": "Save",
 "condition_json": "[]",
 "creation": "2025-10-22 11:26:16.055843",
 "doc_type": "Airplane Ticket",
 "docstatus": 0,
 "doctype": "Web Form",
 "idx": 0,
 "is_standard": 1,
 "list_columns": [],
 "login_required": 0,
 "max_attachment_size": 0,
 "modified": "2025-10-22 11:51:34.684111",
 "modified_by": "Administrator",
 "module": "Airplane Mode",
 "name": "book-flight-ticket-webform",
 "owner": "Administrator",
 "published": 1,
 "route": "book-flight-ticket-web-form",
 "show_attachments": 0,
 "show_list": 0,
 "show_sidebar": 0,
 "success_message": "You will receive the details in your email soon",
 "success_title": "Ticket Booked",
 "title": "Book Flight Ticket Web Form",
 "web_form_fields": [
  {
   "allow_read_on_all_link_options": 0,
   "fieldname": "passenger",
   "fieldtype": "Link",
   "hidden": 0,
   "label": "Passenger",
   "max_length": 0,
   "max_value": 0,
   "options": "Flight Passenger",
   "precision": "",
   "read_only": 0,
   "reqd": 1,
   "show_in_filter": 0
  },
  {
   "allow_read_on_all_link_options": 0,
   "fieldname": "flight",
   "fieldtype": "Link",
   "hidden": 0,
   "label": "Flight",
   "max_length": 0,
   "max_value": 0,
   "options": "Airplane Flight",
   "precision": "",
   "read_only": 0,
   "reqd": 1,
   "show_in_filter": 0
  },
  {
   "allow_read_on_all_link_options": 0,
   "default": "10000",
   "fieldname": "flight_price",
   "fieldtype": "Currency",
   "hidden": 0,
   "label": "Flight Price",
   "max_length": 0,
   "max_value": 0,
   "precision": "",
   "read_only": 1,
   "reqd": 1,
   "show_in_filter": 0
  }
 ]
}