{
 "attach_print": 0,
 "channel": "System Notification",
 "condition": "doc.status==\"Scheduled\"",
 "creation": "2025-10-22 11:46:45.474080",
 "date_changed": "date_of_departure",
 "days_in_advance": 1,
 "docstatus": 0,
 "doctype": "Notification",
 "document_type": "Airplane Flight",
 "enabled": 1,
 "event": "Days Before",
 "idx": 0,
 "is_standard": 1,
 "message": "Add your message here",
 "message_type": "Markdown",
 "modified": "2025-10-22 11:46:45.474080",
 "modified_by": "Administrator",
 "module": "Airplane Mode",
 "name": "Flight Departure Notification",
 "owner": "Administrator",
 "recipients": [
  {
   "receiver_by_document_field": "owner"
  }
 ],
 "send_system_notification": 0,
 "send_to_all_assignees": 0,
 "subject": "Departs in 24 hours!"
}